,bladder,lymph_node,muscle,salivary_gland,spleen,testis,adipocyte,artery,bone,esophagus,skin,stomach,kidney,liver,nerve,lung,heart,bowel,brain,pancreas,pleurae,thyroid,vein
hsa-miR-143-3p,954231.2993,86648.6685,23273.36873,50387.67842,20661.96397,90755.62925,75777.98615,731303.8743,16838.73451,522439.7262,92126.57585,648318.2353,38592.19895,18345.32116,178539.2381,151665.6994,63230.07277,468063.3979,15177.25979,21428.36538,37927.55103,54892.39572,256546.7911
hsa-miR-143-5p,78.0825709,9.675623308,2.540982701,8.01620985,2.865336504,4.819135352,11.70037618,29.18969734,3.263793557,33.73623648,4.925803293,48.08311536,5.7253029,2.44753302,10.94615584,5.868330639,6.625212206,42.54151325,1.597917274,1.899061957,5.4563007,8.950521706,36.51700821
hsa-miR-145-3p,3347.821413,374.3982393,139.5873061,373.7418448,171.8143938,409.6859167,301.4125173,2270.905523,114.1154094,1856.174919,373.7369294,2600.902637,386.9636541,134.761597,550.4293748,493.5633181,256.3510864,2025.637314,75.80237539,147.5457373,189.267957,297.2296425,888.0654728
hsa-miR-145-5p,118749.1125,21282.34258,5389.947208,12605.26245,6310.939946,15306.64453,10790.20516,72794.24673,5146.656763,64417.15297,12139.4452,91435.11103,20179.81875,4575.120979,23386.76645,14488.59105,7652.063784,76594.9272,2939.8893,5763.022167,8078.321933,13261.58466,41958.73461
hsa-miR-28-3p,1400.023602,303.7159955,362.0529899,340.6518997,353.3201092,280.4916229,296.3682136,1145.024426,229.0437568,784.2272927,457.8636981,1288.246458,256.912915,394.337628,389.329337,422.6767989,342.6233569,862.3359279,115.6460026,254.9377528,253.3512743,249.209442,437.2188929
hsa-miR-3617-5p,58.58154588,2.776643575,1.720261174,0.609872321,0.368897176,3.557136597,0.805844182,7.176354533,0.67486458,2.857853214,9.102180661,3.700582322,0.716996864,0.348742806,5.326600001,5.099875102,0.784331442,2.872181688,2.506651816,0.394155277,1.558442048,0.709278004,9.497652786
hsa-miR-490-3p,157.8084553,0.308414278,0.309829585,0.372403485,0.614440882,0.585524153,0.417695386,0.423670018,0.17436183,31.70150288,0.449156409,72.50990728,0.252310053,3.476098998,0.739566794,0.927511787,151.9418683,94.33880221,15.9110435,1.409503258,0.52094175,0.63768647,0.946286879
hsa-miR-142-3p,1088.668856,12413.53923,746.1248977,1953.443412,13284.56378,443.0474247,1711.588844,649.6201216,12347.62463,1536.130484,1078.393592,814.1885842,1859.549959,2610.895833,866.7183061,3119.218499,1900.365083,1874.683537,309.6850457,1807.008933,2733.648408,1572.141875,1925.724776
hsa-miR-142-5p,1220.178176,8881.458047,412.8939371,762.223559,11071.32046,254.0796762,682.7333774,891.5780184,6675.040178,703.573068,588.9443025,1361.378949,1834.253689,1249.58597,493.9066056,1605.605887,1001.743508,1190.289879,148.4382026,1723.008969,1250.001782,1667.74663,1475.008747
hsa-miR-150-3p,1.50750497,28.78856726,0.969290049,1.50450349,12.4630013,0.399199481,3.918314665,0.813633888,6.98239922,1.107366066,1.917282469,1.161100768,4.157323687,1.014668346,0.734085209,2.350900972,2.496537656,1.556561396,0.28382233,2.571101756,2.809922467,1.730460607,2.210056412
hsa-miR-150-5p,2206.292446,28709.38747,1491.991939,1610.614238,10685.65563,314.5045919,3094.230584,529.852966,4140.055309,1500.095945,909.0498774,1151.52067,2855.714796,1228.309338,921.1336382,2048.177961,2290.539276,1927.989793,262.087886,3864.251585,2013.803944,1244.495883,1066.740179
hsa-miR-155-5p,232.1829391,3190.677063,141.6855004,510.3589804,2014.652733,177.3811351,346.6369756,380.5219687,637.8988968,276.9876388,340.1675585,211.0587001,453.9922883,257.4550488,205.0956507,648.1469066,495.0811062,392.2526105,95.97399047,452.5176726,419.0701691,223.0599826,226.897778
hsa-miR-1-3p,15177.23166,2413.201326,452155.1307,276.1316426,388.5489114,1678.410448,618.7930964,2691.921188,87414.3358,35917.66717,1607.235566,10960.80155,324.318887,372.2361264,13881.84557,681.9060403,137942.9554,5599.41506,478.247484,1291.957503,58182.85017,5554.841599,2828.999631
hsa-miR-1271-5p,6.829925264,9.0268261,32.51231698,7.2838073,4.292299557,3.870507142,5.931230976,4.414750177,8.492555982,7.662308336,7.378485013,7.865632352,3.759151164,4.012909929,13.68308988,4.537128916,13.49785228,6.541690926,10.0430395,3.71251007,10.47157358,4.707518743,5.543199214
hsa-miR-1273c,0.513363064,0.304436055,0.81936128,0.507480885,0.123845944,0.12713947,0.207627144,0.207787385,0.511133609,0.198311006,0.185774487,0.223233668,0.226452086,0.121094901,0.29537459,0.121439249,0.288786436,0.200973084,0.157073138,0.16253826,0.225657684,0.071467112,0.263330336
hsa-miR-1291,0.079650284,0.472258515,2.578697062,0.249485311,0.200837379,0.826463817,0.444341614,0.15420158,0.314766451,0.230315339,0.279096868,0.075115134,0.455685258,0.151473525,0.281305901,0.302645319,0.214558729,0.293595849,0.465462748,0.56894772,0.434554029,0.754125952,0.202106363
hsa-miR-1303,4.091959118,6.557595065,37.23421582,9.691808436,12.0032271,14.80247026,18.29868614,4.041640613,18.71425403,10.58267156,9.933829485,7.291076014,12.57813887,29.20255899,5.626223291,7.180790916,17.71084517,9.335626831,4.502053445,15.01637625,10.3734144,8.34103582,5.537798701
hsa-miR-133a-3p,8793.910221,2735.896031,591553.4416,236.7620549,317.0538707,654.9586423,931.0996538,2695.910101,95221.2006,33290.97578,2982.20362,7188.708915,287.0119643,347.1948682,16220.96763,665.4823103,108386.4923,5354.900958,368.9073307,1196.783098,67894.6803,8802.066304,2514.161186
hsa-miR-133b,2277.592492,374.556254,101516.9073,57.94460801,78.52652284,122.9484661,185.802412,594.6512221,22708.55125,5556.093209,442.4313503,1454.766645,74.20218558,83.50179156,3413.705466,131.7826746,16757.33771,1490.473228,85.87630352,256.6744275,12339.56093,1344.631681,427.3682859
hsa-miR-193b-5p,25.70787409,19.18509943,83.56979444,32.01753413,2.384751581,15.29782954,44.25605166,18.5863487,30.10363072,23.10705522,46.59570933,11.47813362,8.273263623,27.35137457,15.14372412,10.44485856,13.9282372,9.655606059,8.095125904,30.85019125,31.45452455,14.62144001,13.42094305
hsa-miR-206,34.34357114,311.9078007,84191.49881,18.6008728,41.4128014,14.85070615,232.8072182,214.609064,19064.85986,6694.624416,155.7663513,92.86834503,37.70019674,28.74796833,2798.068012,45.21900207,65.48500953,70.69849208,37.22525512,70.08480664,15507.19738,1120.188457,201.6669079
hsa-miR-22-5p,322.1720832,224.1679694,2006.868016,268.69312,425.2794903,431.155341,980.4391696,470.2317396,687.201953,435.702746,303.593357,386.5593473,440.0386576,305.0628586,307.029833,341.6876115,1167.273262,340.7681886,205.0254951,292.2983347,653.4939139,450.1503107,354.8124912
hsa-miR-3124-5p,0.389970798,0.207290576,2.817885519,0.202834322,0.149025746,0.999429555,0.486281116,0.377676313,0.806635342,0.392901622,0.413077883,0.42872119,0.312986699,0.320216672,1.101983164,0.24936464,2.13834251,0.298761769,1.127318222,0.195963409,0.5850105,0.591969146,0.438028668
hsa-miR-3158-3p,0.12096207,0.309429338,1.131791497,0.297040671,0.209683601,1.10475171,0.303687406,0.155964773,0.405768214,0.685626966,0.287283168,0.216323,0.219554391,0.168273334,0.20589681,0.269738653,0.303358318,0.185052895,0.148264454,0.152173235,0.38035728,0.308753462,0.534438084
hsa-miR-3163,0.052419584,0.077921172,0.649503299,0.274628153,0.205548264,0,0.563564379,0.272811906,0.495935621,0.350092475,0.05134643,0.023973122,0.105650592,0.399916414,0.194189668,0.22691228,0.17369707,0.055648431,0.097412806,0.075129732,0.680753217,0.422110674,1.072109792
hsa-miR-3164,0.346082702,0.092152197,1.996908107,0.110122867,0.066956584,0.168501139,0.148961831,0.164603186,1.169998846,0.40342139,0.255831071,0.305465794,0.18951599,0.088120487,0.151780626,0.268617872,0.322056585,0.413055714,0.104582398,0.048603791,0.692413229,0.109824569,0.355428202
hsa-miR-362-5p,68.15864728,55.57268655,225.472908,68.01517059,39.34720153,112.3365183,62.81510864,49.75688766,97.26106312,79.52803455,54.83756707,47.66800482,170.9103702,68.69388831,79.95784945,79.52820954,62.35039723,55.04970472,39.00822903,64.29306083,78.95981634,88.63540962,79.13021595
hsa-miR-378a-3p,6492.402738,4353.076158,82881.62818,1900.539644,642.3256528,527.19933,16485.5166,1075.372783,31445.5956,11037.20269,3421.409324,6490.648338,3035.166732,4946.40716,4382.082184,1747.715321,37113.75974,9642.403721,765.7753286,1784.062746,41035.99403,3969.867524,3945.701474
hsa-miR-378a-5p,14.62083389,6.257631961,186.4604695,7.581931825,1.804557555,1.091163609,19.26599151,1.884082535,36.4579165,19.19632828,5.589598486,10.13996977,6.833611327,13.62825217,5.64405992,3.205702398,36.64393616,20.53692719,1.573906647,3.068935054,27.64676139,7.282091598,5.302208822
hsa-miR-378c,398.948523,214.8284679,5263.734476,121.2813375,75.85905849,38.80895669,761.5910077,85.77379082,1716.076432,626.9627154,170.8901715,370.532748,193.7867024,278.5467991,235.2178733,97.52417179,1520.637533,664.9906761,40.74114629,113.9823451,1326.952079,208.5134159,212.8807432
hsa-miR-378d,138.0107041,71.63600984,1633.81045,54.79805574,26.78115095,15.6416007,211.1828112,29.66053523,522.4804492,208.0295237,52.9853882,117.144012,60.0435264,101.7532529,67.79630358,27.66638716,510.496454,196.7015685,13.90492976,44.22353905,331.3174764,62.95914856,64.95645717
hsa-miR-378e,20.1758545,6.965940219,210.4906831,7.024896029,2.522299648,1.940072731,24.40680069,4.009115877,50.18329356,24.88057595,6.039522127,16.76079322,6.898733417,13.04282774,7.725700605,3.879856191,78.59960727,23.79793974,1.8842933,5.930798558,62.70905085,6.147119212,10.44667157
hsa-miR-378f,12.47606973,9.474195984,405.7654929,6.62744101,2.88564951,1.339192249,36.71043554,2.738979497,161.1332294,39.07421929,17.17785175,19.98651192,7.879828573,21.29188285,16.38163363,5.27410639,127.5649456,22.66495213,1.741640274,5.091916493,71.6421736,12.27253132,10.07035523
hsa-miR-378g,22.50359431,5.865965872,80.65536335,2.560316157,1.124281508,1.452076572,18.19503071,3.34511166,17.72570914,16.91861557,5.925811636,17.86703853,5.400719764,7.684896108,6.780175297,3.40027101,54.59827169,21.76939587,3.088141408,3.59923406,24.99667744,4.920934896,9.93480288
hsa-miR-378h,2.564921261,0.650816363,34.17969437,0.784959017,0.267029204,0.278153588,3.305721557,0.588680131,6.836570529,3.871682421,0.713150488,1.880387348,0.7622289,1.719965743,1.386294846,0.512185082,13.37380827,3.308249059,0.266728628,1.000586284,14.76531769,0.604115002,1.45569174
hsa-miR-378i,162.8907623,253.024892,5047.304075,125.3186541,43.77094387,35.56837358,631.9113725,51.52224971,1784.323108,632.5797659,394.0401327,396.9575688,150.9149352,338.1702294,238.3419949,94.85515524,2593.888807,404.5692683,27.3110394,96.66682046,1654.147604,181.1333008,156.5558749
hsa-miR-3909,2.581164473,1.575845069,10.4780058,3.155629988,0.670888376,1.032523677,2.806256667,2.31661851,4.484196865,1.819393239,1.935679846,1.58965724,1.223449504,2.845715897,2.452528779,1.609584746,3.349029136,1.788994874,2.382551533,0.858354516,3.325602241,1.89233307,1.738776533
hsa-miR-424-3p,20.91416253,4.168876523,53.1669209,4.995069681,20.48875239,153.2049887,5.530851694,2.601355269,20.98719757,4.451207902,3.33078294,7.329449551,26.56512225,20.43804171,6.113920904,4.973142998,7.456451267,4.694741175,6.61409526,4.958512288,8.554536692,15.93048385,4.190448975
hsa-miR-450a-2-3p,2.513060328,0.565908357,5.778659497,0.574396206,2.445005712,14.84168281,0.684700032,0.384430801,2.703384157,1.149749814,0.573201618,1.033027748,3.643350459,2.892585315,1.292201975,1.035602902,2.006337439,0.966876091,2.88253992,0.657977156,1.640829623,2.409591203,1.094963455
hsa-miR-450a-5p,63.80176266,9.640906244,134.6556333,15.31509648,112.9923257,388.6071319,22.17351144,10.16560757,68.28302713,18.57142439,17.37086928,23.52002879,72.69535331,61.81897787,29.27832446,25.21987459,36.84349957,19.01849312,58.24338859,16.79468505,23.87735678,70.50309323,18.04983866
hsa-miR-4659a-3p,0.015442297,0.404107561,0.484145334,0.078418313,0.15881436,0.067972835,0.237366676,0.05589902,0.433669731,0.124849021,0.068781798,0.101044715,0.154630055,0.191488435,0.090038152,0.140353572,0.091279842,0.120830044,0.122484829,0.052785513,0.359845436,0.203819377,0.956561654
hsa-miR-4659b-3p,0.041992392,0.123620638,1.407135312,0.094660006,0.270408666,0,0.124044636,0.309277954,0.700761835,0.188697846,0.054722738,0.074166941,0.163827718,0.139017445,0.131407946,0.275872518,0.151392227,0.071254987,0.040890408,0.093784091,0.419676543,0.297159707,0.708359373
hsa-miR-4661-5p,0.033323392,0.313676018,2.007461538,0.251496631,0.174989936,0.266925603,0.3485846,0.067771488,0.802401364,0.266983286,0.313205901,0.15936958,0.263643142,0.187300616,0.308505804,0.248639337,0.194130432,0.150766937,0.115115192,0.294655119,0.490425335,0.152496932,0.181829583
hsa-miR-4676-3p,0.041992392,0,0.163600206,0.014293143,0.030225157,0,0.019630987,0.012570742,0.12309486,0.007308616,0,0,0.012277512,0.014805744,0.024752834,0.015839845,0.019716952,0.035651526,0.011169664,0.011295075,0.035357753,0,0.052246875
hsa-miR-4676-5p,0,0.099403048,0.659361086,0.042100597,0.131570749,0,0.062490187,0.163288227,0.71499776,0.033708579,0.034235902,0.073199411,0.108963016,0.087644419,0.047365874,0.089057367,0.06595764,0.260768356,0.033079067,0.216101895,0.158461369,0.026757006,0.04669439
hsa-miR-486-3p,4.238138345,28.73713675,366.561652,3.795135715,18.77449056,3.607839445,17.05883351,17.04216734,150.2912687,31.00296995,6.086330723,7.524935979,8.004085834,9.909824626,13.46148149,18.07937396,54.49405298,4.018808152,9.534350915,7.07099179,102.6217272,31.8505869,115.2426855
hsa-miR-486-5p,16.50463348,41.96314228,221.2444018,7.916102657,49.7914714,9.35168276,32.26728819,63.07056694,175.955368,50.64689342,9.684841943,21.99803822,33.74815682,45.28161596,31.44374268,91.9422203,55.45833653,11.25327576,11.39798495,15.43008245,150.4772404,79.11761085,410.2564444
hsa-miR-499a-5p,25.21507001,54.19238494,6431.158991,26.3943831,19.64329427,29.73746514,27.44343025,34.45357627,1505.385166,486.9582537,51.81091154,55.08419356,22.49747223,39.02790021,146.4018784,20.38978488,6991.395276,28.83328276,48.9464186,63.31029552,750.7515814,78.87558755,28.67083478
hsa-miR-503-5p,82.16245361,18.27319232,220.8744814,13.39652113,150.4066534,537.4318952,52.61435714,13.43065723,141.1881112,28.38975715,12.4762735,29.13073562,148.8144264,81.17705516,28.20863929,31.25145828,42.2064199,23.56524382,35.54568298,22.21801308,99.61981884,89.05505211,34.55509769
hsa-miR-5698,0.030884595,0.041457227,4.947927349,0,0.102227097,0.283128702,0.025350103,0.018186792,3.98213754,0.481055447,0.062890626,0.012946213,0.070085975,0.109083926,0.22217759,0.153304035,0.070137539,0.054812687,0.022633793,0.054560426,2.138460252,0.157360004,0.066046492
hsa-miR-605-3p,0.869347067,0.585132664,3.880868865,1.317711225,0.100887955,0.466550301,0.379813232,0.913109625,1.255297642,0.791391813,0.151542655,0.613535329,0.418379684,0.43864233,0.445097281,0.677210834,1.009250807,1.00432409,0.205647065,0.390790539,0.914046835,0.703792615,0.641384901
hsa-miR-616-3p,0.907814475,0.946501701,3.145028802,0.970647275,1.000558729,1.523958715,0.900583025,0.827210462,1.482146502,1.028255358,1.24613515,1.064430424,0.619384939,1.352823779,0.652331479,0.922938833,1.096794213,0.706757399,0.565487796,1.883386686,0.725550798,0.55705341,0.930894571
hsa-miR-6505-3p,0.087638679,0.060683755,1.014449113,0.077248594,0.014412565,0.128428725,0.0475115,0.088795258,0.141810674,0.117766982,0.071529291,0.047532946,0.017836331,0.005238254,0.077760621,0.074471523,1.007511781,0.054593384,0.298308971,0.284862606,0.211407753,0.056983763,0.052544463
hsa-miR-6505-5p,0.656832956,0.190050939,9.320160781,0.205436165,0.064128016,0.544149251,0.160970418,0.565166469,2.379473682,1.840345749,0.616048174,0.454067309,0.156747592,0.060999707,0.702216225,0.347898746,5.106357846,0.284274184,1.538270708,0.117763188,0.605314036,0.311442923,0.156865683
hsa-miR-7151-3p,0.407308799,0.020728614,1.251493509,0.014293143,0.20676424,0.889745758,0.035828208,0.107956057,0.352047992,0.153601008,0.062060484,0.390760323,0.004263592,0.027476655,0.558063855,0.086167936,1.971950215,0.210107259,0.577022835,0.02283608,0.215025031,0.080087638,0.156662244
hsa-miR-95-3p,88.66463082,217.4728857,4436.555931,67.2764659,1126.381599,92.22181282,270.7576098,171.2918763,1560.952753,585.8339019,373.151161,210.8600189,262.8518006,136.1985653,320.125845,153.839248,302.9152298,143.8760859,571.4027715,348.760729,912.0772715,418.6108642,114.35785
hsa-miR-1273h-3p,0.011107797,1.02174149,0.069886425,0,0.577271448,0.193008465,0.112571894,0.012570742,0.369807144,0.046971207,0.070836796,0.132718413,0.175359616,0.045670799,0.051898447,0.142735237,0.042773824,0.09173013,0.204169263,0.090094229,0.185003811,0.035195525,0.082619135
hsa-miR-1273h-5p,0.422613584,4.016286757,0.331459425,0.170350937,4.13845175,2.027663454,0.935277857,0.552533239,4.107609066,0.465644823,0.696087126,1.227980867,2.075766437,2.138224762,0.465088336,1.077106913,0.652090358,2.523107479,0.877441675,1.170062559,1.71667297,0.850223985,0.767975776
hsa-miR-2277-5p,0.090758081,0.197786596,0.134415078,0.014293143,0.084165344,0.110460417,0.1482814,0.151355737,0.310313888,0.221846899,0.084361547,0.107842637,0.235595138,0.144017413,0.229003319,0.156887672,0.191486329,0.112035467,0.352274478,0.075129732,0.131323935,0.152496932,0.02768695
hsa-miR-3187-3p,0.940311148,1.893159732,0.430729734,0.136760602,2.274921261,3.204363666,3.385805573,1.313368373,2.528095139,0.63689802,0.600176602,0.664012474,1.308599801,0.340135771,0.835408214,1.735672824,1.324327873,0.718169751,1.058601339,0.471305853,1.617368731,1.1935994,2.329502178
hsa-miR-3691-5p,0.056754084,0.20154403,0.539616826,0.042879428,0.462209446,0.143003938,0.158443927,0.137405382,0.346373692,0.195983698,0.107337343,0.137849956,0.147879318,0.112580491,0.245466835,0.34749501,0.291055988,0.217754051,0.277898122,0.086670737,0.216660896,0.148921485,0.328280019
hsa-miR-6805-5p,0.030203989,0.090650111,0.099071553,0,0.399876909,0.126658184,0.128895472,0.09975106,0.253304144,0.112449181,0.165363052,0.111066938,0.126610868,0.031216718,0.087161524,0.288938805,0.062951,0.046927695,0.169765478,0.290353801,0.194535733,0.089938822,0.164226275
hsa-let-7c-5p,8573.188553,6488.517497,5987.2552,20699.70792,1980.778016,20370.635,10175.38757,6030.370084,2613.136383,10707.05965,20140.95141,9263.609859,5511.414218,7508.528015,9966.641963,11330.84823,10347.86867,3825.874531,10044.21031,5040.483701,8353.348395,5750.548027,9840.793046
hsa-miR-100-5p,2173.726026,971.0855437,334.4664617,483.0045316,203.9851838,597.5683613,451.6018797,2203.005028,458.4254843,996.1629455,944.2603432,992.4725979,953.8376452,640.2664051,1611.65416,866.9530224,669.157829,914.490528,1198.166315,255.7003134,626.1751121,881.9557485,1311.162519
hsa-miR-125b-1-3p,78.06188395,27.49346085,23.38697613,13.78320687,10.33285203,107.1151894,24.50217579,92.88502703,15.38895084,68.79850765,36.96459256,66.91653722,29.40959782,9.374678971,81.98445976,49.17686342,54.3431586,36.98652167,99.44463191,18.70942392,31.03397149,37.12377167,53.06197674
hsa-miR-125b-2-3p,100.6789001,45.77955348,107.9917082,121.6428243,13.91425153,154.9839595,76.64323139,73.1657025,36.24764729,65.36043778,113.1430461,83.19313464,74.50514481,82.2769789,151.1149816,61.23371265,111.9169723,39.0703379,179.0931194,30.84108713,91.46915129,73.39456664,102.7882797
hsa-miR-125b-5p,777.1595248,515.9530883,350.2608045,876.9713896,103.551978,545.5903089,294.3804614,597.0978356,166.147651,587.1331849,415.383196,538.3386027,356.6729672,308.2002888,673.7807711,341.4174947,494.8967253,444.1149768,746.4364301,229.5987048,370.3813513,478.0032588,517.9091277
hsa-miR-365b-5p,4.55119224,2.473948157,0.962090023,0.454921476,0.257026726,0.77612278,16.42151426,3.371237771,0.875783874,3.810725768,3.016421666,2.567960649,0.866494233,0.912978847,2.409828549,1.571399312,2.178993995,2.524694574,0.584909817,1.69875127,3.448304557,3.452873373,1.476077424
hsa-miR-516b-5p,0.015442297,2.358461943,1.604313206,0.842501166,0.022668868,29.06892886,7.236338507,0.194823997,0.40637843,0.406951957,1.079004789,0.026496289,0.030084788,0.042482677,0.629670746,2.433677009,1.227003508,0.207663996,1.732259455,0.103250127,0.549827203,0.354949869,0.035852682
hsa-miR-99a-5p,5303.281323,3506.599992,3832.766296,11782.56905,431.308419,4585.517813,3466.935691,2239.691899,1604.397258,3963.161858,4701.844461,3583.862295,4545.545227,4507.908266,5752.077169,2726.071774,4380.864463,2376.645399,4149.254867,1836.084574,3711.246721,3810.395923,3302.529108
hsa-miR-185-3p,0.850250875,2.544449799,1.740394744,1.331156882,4.266637877,0.463665794,2.06153109,2.283609869,7.706485928,1.771879315,1.25691079,1.674430379,2.177984369,2.911078051,2.06208354,3.197436588,3.410610248,1.394874522,3.491166282,0.891938544,3.770698686,2.808821765,5.678799798
hsa-miR-20b-3p,1.332048738,0.455018878,0.319943258,5.523273998,0.778130921,0.224470654,0.71653464,0.607790339,2.568638214,1.06002805,0.5365789,2.296388447,4.314596584,0.254328177,2.520739923,0.9469422,0.500307969,2.559951384,1.532825705,0.622410181,0.7959816,1.021215153,1.185947669
hsa-miR-363-3p,270.7670331,268.0668245,160.0975537,893.4725864,400.2602793,66.64713283,215.1493659,382.2496688,480.2788399,274.2131458,98.7319488,438.9573346,796.6109769,191.1901153,592.9274095,514.5355553,194.3097718,488.1875479,327.0418824,190.1919554,274.0015446,452.4877553,688.2327616
hsa-miR-642a-3p,2.158764169,12.64375572,1.23777422,5.983236696,8.25044476,0.697265924,7.854153325,1.200481412,5.985089068,1.773501745,5.549439338,4.322911108,2.947773539,1.786522611,2.87371442,4.705445208,5.331580161,4.968329171,5.333994396,11.21301688,4.97102623,3.627883668,0.982919945
hsa-miR-1323,0.074635178,0.65408011,0.851005414,1.046010089,0.045337736,8.580996394,1.45345742,0.009093396,0.174879438,0.257109069,0.327033744,0.04436876,0,0.04389187,0.042274621,0.090191565,0.353533784,0.035832296,0.051326601,0.15527952,0.267887171,0.19228518,0.008237796
hsa-miR-193a-5p,377.82764,286.9760734,153.3701586,158.7006068,58.09135191,83.15069177,1045.333807,484.8035341,196.3793529,327.2132197,390.4226983,289.6180496,129.1149898,304.0709532,251.12033,231.7622984,232.4943403,219.4037155,53.43770981,192.3194736,509.7011435,275.6618073,266.8241291
hsa-miR-196b-5p,722.4912979,27.64008738,506.1981588,5.736598422,37.90250489,33.11057221,596.1489206,351.7249438,240.6013456,24.69141506,1189.550816,15.52297092,750.4823328,14.90374778,310.1791253,43.50472178,18.01348444,727.6146038,3.574798319,21.07015404,61.11640764,259.3470713,449.1820161
hsa-miR-224-5p,75.31787726,148.6859034,133.6805842,60.90313721,14.2597036,19.03790178,1301.566488,89.38505905,104.5780438,252.8277022,370.2946895,56.8403009,27.18268763,249.4117124,151.6801805,101.5212343,118.3841904,102.4550271,13.77816437,124.5397038,262.1471685,200.6948749,137.1896309
hsa-miR-3182,0.541145459,6.949434767,1.236178573,0.163398338,1.781947381,6.220362859,10.87673627,2.779570761,4.222530124,2.612622763,1.219128897,1.745432074,6.70662385,10.86835797,3.790205558,2.099350877,2.167955719,3.45269862,3.587642898,31.06597037,8.165634253,3.792969481,3.701041799
hsa-miR-335-3p,3.913797667,30.95939647,13.03597956,20.88392124,31.78779191,10.38958196,108.3703257,6.210153302,28.50409635,41.61507162,16.12926916,9.150093804,16.33021152,18.51079506,18.44683138,18.18861791,15.53310103,16.90100818,7.799431955,39.0566296,62.13676389,25.95181055,6.940859443
hsa-miR-335-5p,286.5929828,1085.041156,575.4919706,1478.867634,3597.668631,477.1509279,4515.468802,584.1960562,766.7063141,1204.826404,722.4184031,1051.314219,1779.811211,1065.863366,1240.565369,941.5270917,780.3812347,1185.0255,901.0016653,2754.620416,2075.567696,1892.854508,751.1779997
hsa-miR-452-5p,88.6570636,201.7584197,130.218517,76.79886466,38.86980802,24.39513525,1002.788359,127.145699,132.6791265,226.9615558,257.4997252,65.1438593,67.43607671,145.0634138,190.792729,119.4277371,308.1359306,119.8324156,20.16116614,125.5806422,358.098587,303.0861636,111.4424067
hsa-miR-615-3p,2.289730647,6.559981346,21.44712697,0.348884018,0.441044376,7.091172312,17.15739994,20.25667245,8.402705004,2.447029993,14.06106536,3.621738244,72.38050806,0.537830464,18.70364211,1.714266212,1.572295739,9.532033714,0.238105103,1.392666382,7.354288783,12.23343134,18.10068387
hsa-miR-6500-3p,1.580227241,4.41301607,1.086072811,0.547367584,0.704365971,1.296612759,29.25964525,5.181017137,1.085038002,1.488381921,3.363145468,0.988223365,3.937053349,0.523608566,4.324267965,1.825820599,2.788780584,1.245318583,3.044300176,1.394807683,3.418138446,2.078285967,1.655350263
hsa-miR-6809-5p,2.895171642,0.568650731,0.342473101,0.345315035,0.671281267,2.230324693,4.797359472,7.115674441,0.43807008,3.100019238,1.326713476,2.033418848,1.527708252,0.354243287,1.395073201,1.266542358,1.16324556,1.767960453,0.496866223,0.814519278,1.175951063,1.222464492,1.759562386
hsa-miR-140-3p,1123.818758,2774.759096,919.3695105,789.3764255,1274.774773,1244.897589,1565.409892,16445.93813,2035.64791,960.1540623,1193.147379,992.6027497,1573.942776,609.142859,2492.360495,3962.628314,1419.643549,1112.39164,1098.49026,916.1719698,1932.967033,1672.02898,3751.425237
hsa-miR-140-5p,1089.92167,1491.215242,1275.200027,1594.346673,1543.208776,1601.914253,1898.510745,13378.87913,1700.975102,1180.846647,1873.150296,1361.118607,1310.178334,1092.584188,3190.76469,5142.159481,1575.568041,1363.994145,1440.283955,846.7936785,1610.006598,1281.390123,2036.124403
hsa-miR-23a-3p,13531.21846,8476.736406,13895.18924,10012.94234,7337.844247,6142.019559,17293.1112,32740.29758,10212.43218,16395.89393,35709.51843,12176.32195,11438.64192,5215.11525,13290.85255,15338.2974,15669.84103,12252.82713,2592.05421,4943.106556,11439.6399,11746.56287,15555.94951
hsa-miR-24-2-5p,47.55096157,30.77940266,48.71537383,28.627032,26.34281493,25.74110906,53.38368406,150.425809,27.27840599,51.85563859,113.7273193,47.51947676,31.35633045,14.75630829,40.72375002,51.6716942,75.72909328,54.69608986,9.454991131,14.62808275,35.00410211,45.82958735,42.76721882
hsa-miR-27a-3p,22212.42096,17569.88821,27746.64465,14856.77504,14942.8263,12552.09979,25102.29222,80340.55622,19919.91868,28875.29051,101807.3403,23188.60992,20996.23006,7523.154999,24504.60594,31287.72359,32487.15604,24464.4968,4226.612832,8805.596816,19741.30071,22181.05342,25385.12502
hsa-miR-144-3p,2884.701285,9250.046725,4239.678688,2207.953389,12245.57572,1184.11123,2528.232957,8962.480669,21914.70843,5928.5671,1860.60078,4767.478412,4845.316127,11702.37621,2915.303034,9764.20379,5269.111292,1979.729763,1063.396636,3358.035684,10685.39504,9757.32574,30664.52691
hsa-miR-144-5p,41.06809989,88.21255501,65.49285512,34.37860884,87.82886647,15.24387389,61.87088719,131.827491,219.9755677,72.95748447,37.15668499,53.33223555,58.83809422,134.9358975,56.47484642,203.0241649,90.08519943,22.2234538,16.27326115,44.18941393,226.5084438,127.4121804,405.1569757
hsa-miR-15b-3p,26.1125797,26.3355683,27.69602543,18.98867014,52.1911919,21.23408792,27.6766074,67.45509019,91.00386083,34.19496773,29.08336325,29.95389888,30.5571979,31.31857075,30.80350011,57.64249597,29.38288685,19.05241805,11.10351032,22.2497769,49.90608285,56.73318977,143.3858803
hsa-miR-2115-3p,0.113508168,0.12662925,0.17907165,0.174901329,0.852020432,0.018274305,0.088157361,0.097979001,4.474892972,0.107378188,0.033751291,0.128914563,0.031538195,0.081259703,0.146682352,0.200174909,0.18724448,0.019306597,0.321236258,0.307455482,0.408151074,0.119704537,0.182155575
hsa-miR-2115-5p,0.030203989,0.052950318,0,0.028586285,0.137558496,0,0.025350103,0.048827721,1.488242434,0.021925847,0.019104862,0,0.008297413,0.018545807,0.016055606,0.048020032,0.018962513,0,0.075125351,0.031724346,0.099624728,0,0.097747404
hsa-miR-223-3p,927.4267991,837.7415924,704.3095998,914.5941193,3615.135443,243.6352705,1631.527432,1208.199937,31967.4326,1342.168558,785.9618064,783.3655113,950.2024914,1751.195988,1368.670515,2309.646836,1189.233048,783.9041967,460.3017495,716.3743366,5942.673521,2590.338377,4221.369477
hsa-miR-223-5p,1.626029889,5.695473336,1.501706849,2.064729151,16.38083737,1.181756588,4.83919046,2.938500348,108.1798455,4.011693829,4.058572321,2.594459423,2.570190925,3.763276592,2.976330452,7.728806253,3.647049306,2.156495279,1.414922409,2.084331561,19.27731051,4.896395869,9.262687377
hsa-miR-3140-3p,0.211720152,0.642868799,0.767845063,0.161449788,0.442168259,0.056106839,0.312952395,0.341066187,1.291975366,0.268984993,0.188978814,0.371014492,0.258375382,0.593336076,0.208545,0.449116952,0.234324303,0.241521791,0.119750977,0.209033397,0.549099746,0.223915916,0.658199123
hsa-miR-3143,0.269697935,1.029673511,0.545675845,0.050610859,1.354094063,0.541718729,0.44317196,1.292503885,2.166896539,0.728632614,0.216734606,0.373076427,0.719350474,0.981564896,0.491062015,1.027490841,0.531738625,0.354698121,0.152762734,0.426563534,1.197393314,1.541695577,3.13991957
hsa-miR-3150b-3p,0.346228816,1.718525777,0.040900052,0.064904002,2.279644795,0.138190881,0.132765542,0.231040206,2.133457562,0.29745795,1.131618178,0.543627088,0.472187244,0.09216397,0.118169528,0.568663745,0.190389132,0.573026464,0.025570456,0.739940383,0.443372903,0.286981207,0.326087008
hsa-miR-3198,0,0.07067254,0.035442903,0.014293143,0.131356885,0.059635974,0.089962181,0.07049186,0.332163237,0.057441203,0.013270648,0.012880932,0.047629914,0.094815271,0.025247092,0.087591694,0.02618484,0.079728584,0.048070639,0.195040728,0.037863888,0.014791168,0.028880811
hsa-miR-4433b-3p,0.06176919,0.067932386,0.0809001,0,1.694655056,4.190512146,0.13412394,0.113136682,1.68190534,0.100994458,0.025520253,0.059174443,0.117276437,0.257672883,0.121969736,0.418359688,0.114100667,0.014938493,0.031775277,0.042773491,0.260405616,0.313489351,0.504175721
hsa-miR-4433b-5p,0.246801735,0.602636318,0.395789323,0.151053745,4.018522737,9.702164795,0.115062906,0.378446098,2.259342978,0.218215065,0.090169163,0.376773045,0.207195028,0.458229579,0.237641894,2.400776856,0.32016701,0.12225704,0.175455318,0.112438449,0.58781308,0.964936464,1.083209519
hsa-miR-4511,0.026550095,0.0971477,0.180772279,0.048662309,0.102259469,0.041361669,0.031245093,0.13423598,0.335990238,0.033021161,0.088450682,0.085174512,0.029518127,0.074752312,0.078410062,0.093839936,0.026733072,0.031932254,0.027870279,0.008888266,0.075825009,0.130631782,0.235596312
hsa-miR-4732-3p,0.564722265,1.346613277,1.219404012,0.408270487,1.642318245,0.269674071,0.884519161,2.162912274,2.691852368,0.761677636,0.461382883,0.891718658,1.043216555,1.255375743,0.869337329,2.944121339,0.899703267,0.250176668,0.292497126,0.637618952,1.756572383,1.143644964,5.935667757
hsa-miR-4732-5p,0.549142455,1.91176837,0.885145199,0.550423083,1.760102584,0.677053689,2.461826549,4.091570298,3.401693423,2.068362278,0.416063329,0.676245363,1.411953121,1.479529333,1.481200588,5.85728261,1.681910796,0.376466733,0.393343969,1.152386428,4.687524258,5.610183585,11.63725875
hsa-miR-5189-5p,0.033323392,0.102140982,0.104528702,0.058342289,0.205033601,0.320787231,0.216104719,0.416196563,0.521206725,0.128351835,0.076878894,0.199325292,0.112616651,0.214907274,0.088848637,0.540742183,0.141807596,0.064151853,0.042749084,0.200896622,0.501304265,0.388511194,1.392064698
hsa-miR-610,0.011107797,0.041457227,0.040900052,0,0.145497165,0.069098749,0.14189536,0.163352881,0.340971955,0.234505569,0.139062638,0.058554522,0.06611642,0.157326825,0.076291495,0.271854043,0.093099493,0.078885292,0.013542235,0.033885225,0.223486223,0.153188263,0.483923836
hsa-miR-618,2.890555161,1.549661613,2.248325187,1.463432804,3.40085642,1.228533288,2.273917906,1.121426913,13.39777016,1.765810639,0.95356201,1.545893026,5.147468137,13.09659739,2.674053445,3.476845638,6.101855013,1.163587848,3.264364678,1.674210335,3.339271087,2.258998133,4.245972925
hsa-miR-933,0.052419584,0.080661326,0.052714353,0.034369166,0.110680428,0.093300077,0.12531039,0.069036611,0.532628904,0.09783195,0.089963057,0.114123355,0.071897611,0.106598556,0.067221235,0.092171153,0.117044274,0.152579925,0.08366836,0.217630878,0.109235622,0.096225217,0.078595838
hsa-miR-942-5p,3.614456039,10.84984028,9.169630142,4.791399642,14.35920801,9.019888616,10.68513045,10.2937207,32.26943746,9.558114331,10.01236878,6.374518653,6.596482605,8.74485093,6.90529492,18.41175464,7.938077025,7.959365114,4.056266908,14.36126967,15.48501451,9.077829528,33.57743487
hsa-miR-203a-3p,115.3061485,326.8569419,13.02862832,666.3997599,14.39175768,110.9248582,200.8306995,24.03562953,163.2647633,9881.079928,84673.92029,250.838637,134.9317962,234.7909748,37.77042511,403.4339042,38.19799195,224.2888034,47.05687422,268.1726629,103.5891915,198.8499232,48.87600516
hsa-miR-205-5p,771.5539499,56.78143014,39.80984528,10578.2103,21.71588832,164.541893,53.64389108,30.0152367,64.38965489,12594.1697,58118.18041,59.43513529,87.82490234,104.8076786,47.97821588,639.8807815,30.68854829,44.8141156,28.50091352,338.1398872,127.026687,201.9755912,12.33527458
hsa-miR-1224-5p,0.441709776,0.825932903,0.499616777,1.130993056,5.741233795,12.32640521,0.602769844,0.684130099,1.039596821,0.712880741,1.545854185,8.338927641,1.17077596,0.465467084,4.539731566,1.485715043,0.300411112,7.127033309,43.32693708,22.23169998,0.76929586,1.330094776,0.801977093
hsa-miR-135a-5p,70.45653712,83.55928543,50.27913192,1527.870716,522.0574909,1489.098868,16.61243586,47.17732312,47.75017007,153.0418634,85.25424215,421.7391413,1030.603584,138.4082634,927.6354072,317.5494908,451.4777491,290.4243762,2907.305995,854.4555234,115.6448479,19240.44667,45.49159545
hsa-miR-204-3p,12.30209715,4.235320146,2.778978625,2.201367156,16.65514997,210.4142941,10.33636513,21.02111674,2.157406464,5.385440782,3.459228165,11.63278438,236.9464424,7.295281267,65.01962638,7.027691388,7.740300693,3.836627324,112.8481486,9.29022343,7.728644137,59.62359224,16.63650296
hsa-miR-301a-5p,0.367901317,0.153586994,0.069985802,0.058342289,0.225042417,0.240811077,0.144627132,0.197105307,0.310586287,0.203638298,0.04630275,0.179652712,0.101189968,0.076112241,0.253111364,0.142241739,0.36919588,0.230934491,0.574915742,0.143776829,0.244362597,0.19355528,0.099392314
hsa-miR-4449,0.124615965,2.945675171,0.24540031,0.234864051,0.372568458,0.424538673,0.887884807,0.066480106,0.97458457,0.118576338,0.050549173,0.169532277,1.527497063,0.941988795,0.043675348,0.773780113,0.217922097,3.917240026,0.224094148,6.622310983,0.878657126,1.670612195,0.172905785
hsa-miR-10a-3p,15.99594034,26.91008741,21.54131893,3.11197467,41.69106116,3.191058519,50.64980276,27.21250148,22.3721472,67.79121913,54.66570734,113.8520728,152.0578202,34.71692525,25.49515976,55.72031109,27.47105669,118.0422606,0.992921124,28.02413094,66.57955809,48.55317773,50.18253236
hsa-miR-10a-5p,337.6625567,1098.384153,554.2071762,107.124349,1014.002929,95.29529663,961.4389879,303.5802024,464.9804966,1239.902562,960.5806624,2071.358764,3629.908776,924.5627987,474.1095665,1072.46887,468.8582644,2907.254566,20.53946584,657.3215198,1348.438298,796.5013081,849.0875734
hsa-miR-10b-3p,22.95405595,23.40564989,37.54669261,6.832677538,37.64367151,76.32045834,42.00418937,25.11075645,21.26776498,16.72379893,48.24508789,8.456935973,124.1136628,3.003766454,22.32288225,9.512108208,6.79393085,28.99695535,0.947127078,8.281985358,18.51934114,39.19378435,22.65997901
hsa-miR-10b-5p,1171.073966,1789.250747,2139.503671,413.0675333,1694.98943,3260.93004,2162.401487,888.0191981,885.1560286,949.6846892,2020.743979,509.1504231,8981.6112,171.4005718,1194.242474,396.4289967,385.476161,2049.794849,36.01679335,664.3941095,1138.507404,2033.829722,1160.173485
hsa-miR-146a-5p,694.6732776,3147.906004,148.4611734,4575.75967,2937.24004,420.0017979,810.550869,650.8666228,1221.882127,539.155275,2024.257807,501.2261155,2592.624646,1202.335134,934.399674,1240.393426,663.7807425,1179.681829,291.2919318,1615.942267,1107.678711,1230.97928,634.9565008
hsa-miR-187-3p,236.4408939,13.99377673,3.306814121,279.9016005,12.27658751,760.4532712,4.32904284,6.716505968,6.604890909,417.9409604,29.5397666,141.5984125,148.6217879,18.98736358,5.576309353,94.42393583,421.6687617,270.5454368,41.25354403,11.40760725,12.09295052,35.17375268,10.6588739
hsa-miR-188-5p,56.3856507,74.71116215,225.2527171,52.70760042,62.19871518,203.6782061,127.4461979,85.54059428,123.1477216,88.17516153,94.89992937,77.93742888,322.3506529,63.18677828,71.31855606,84.35794628,97.38838941,71.33598841,54.52472082,45.27200814,175.6397088,144.7729931,119.2102789
hsa-miR-192-5p,181.4785506,1599.090196,393.8497692,357.7168352,409.4118693,287.7523398,268.0167561,553.2421564,301.085276,749.1040902,478.814358,5434.761301,7689.195023,33041.40803,298.3400158,586.719086,461.0232046,16056.21073,398.2167152,11498.94442,432.5296112,3819.509933,9105.34818
hsa-miR-194-3p,0.063527381,0.288971402,0.241743167,0.204329216,0.154771116,0.071501969,0.041970682,0.034234881,0.101119243,0.232699464,0.073513192,0.301307547,1.822587098,22.24461081,0.033358587,0.15358147,0.094598707,3.966465175,0.173978347,3.040107249,0.203382754,1.281910283,0.865265579
hsa-miR-194-5p,77.29726518,340.4893811,108.3066767,105.8735021,145.867686,58.68167731,78.03817786,91.50667109,106.7290107,185.3121124,75.4623401,984.8526685,1887.678916,8452.90357,70.06067242,123.1944442,103.104396,4147.532958,112.9372895,1649.647455,109.6987812,998.206665,729.209076
hsa-miR-196a-5p,74.095417,114.4381784,349.7267013,4.183637922,19.69309262,57.10760672,104.8499028,589.7746291,144.5265766,29.96780499,1906.741892,7.800961908,1335.368655,5.139600957,366.5830988,16.53196124,6.416741048,243.36471,1.667776237,22.60727494,42.46217801,252.918138,1223.713219
hsa-miR-200a-3p,69.31820963,97.00030051,13.42229535,2757.240044,18.08243674,15.11333727,41.75632584,8.843879057,20.1526957,600.4439573,576.3632047,1511.873631,1034.359792,282.1338608,26.92846803,541.2943858,10.40267888,970.1935487,205.4484151,1200.651228,78.85912009,582.6985677,25.55872832
hsa-miR-200a-5p,6.245528823,29.99254135,0.658858594,134.8102357,1.04274491,1.63439652,3.105452475,0.386497168,1.335828279,27.66813027,59.70952104,73.00136146,70.01146833,14.15658127,2.092102717,30.22041038,0.778599476,54.66836303,12.78135567,69.43466132,3.162595726,57.46265928,1.703199214
hsa-miR-200b-3p,223.0109622,257.8481744,39.85428663,11938.20423,37.75439449,36.53409672,82.66399348,19.18895358,49.14862511,1562.298483,2291.351737,1596.259432,2317.959245,726.0912506,69.90592509,1444.875479,28.74153612,2270.634094,532.8474097,4533.067945,107.5457448,1603.600774,42.88146335
hsa-miR-200b-5p,1.252494605,5.939402717,0.297015904,61.74361539,0.207343647,0.260042623,0.760582764,0.158752711,0.299970668,7.643186094,12.41619651,9.9874517,9.520868815,4.247351395,0.569743787,5.826628092,0.218713932,12.57904449,3.082778789,26.14460212,0.665414031,16.58605826,0.323412928
hsa-miR-204-5p,655.5280523,170.4046242,143.0763408,125.173234,852.4251763,4418.425776,382.6605583,792.9607049,105.5238486,241.3098541,275.8183875,645.1495201,6216.952142,354.0106518,3554.239446,528.2771011,286.075965,202.9092089,4212.71513,559.7681422,271.7999425,2351.373863,463.2051314
hsa-miR-215-5p,4.802615876,30.5717075,23.45207481,8.108247419,5.798421747,30.54304614,31.14648155,9.090355417,6.048247447,13.03088426,4.665036405,50.77189995,79.62388709,262.4893878,5.552784432,6.955111696,6.462295811,1418.399196,3.588542477,95.83161821,10.52249016,46.20752277,76.8058167
hsa-miR-30a-3p,376.1152607,81.70636894,624.3827456,511.9054733,166.362116,170.7939696,241.8308103,1053.268006,173.7440597,303.4323817,483.9021093,575.1120081,2067.025356,190.3021012,351.8945915,843.7624392,638.9409356,227.3231818,218.5829373,418.2673947,211.9482951,616.5084991,177.5647043
hsa-miR-30a-5p,1608.46333,917.530234,3055.782959,4365.743267,925.1006122,574.6220747,1448.365033,1329.888861,778.8707772,1795.677564,1107.515058,2137.148921,10756.04679,1487.552094,1720.809044,2254.092973,2417.125045,1977.018767,1149.505345,2598.516708,1273.940678,3839.636155,1057.507687
hsa-miR-30c-2-3p,23.69247305,9.580421492,30.29401964,76.23569591,8.744925635,11.62503727,29.01475602,34.18429502,10.37984254,19.44837708,19.2503608,23.8237461,115.8349974,20.45682608,30.46229871,51.52394444,25.24818784,17.47695643,20.9488557,55.42153244,14.86973833,48.20079832,8.692884504
hsa-miR-320c,333.6121253,549.555418,109.4985126,209.5989558,1151.784425,679.0528045,437.4756417,758.0640774,873.8022556,851.7386532,671.9367942,439.4408453,2234.766659,328.196896,386.5533,900.0198653,170.0747933,1595.503542,332.4826954,838.1850955,523.6428548,543.7072428,278.5985685
hsa-miR-320d,214.9202821,365.6476362,69.79489354,116.1980761,806.6459837,450.4000622,323.4049152,475.769082,690.4062305,580.9784005,423.7984672,279.103005,1753.960971,196.8821528,265.1925258,607.1303122,112.0905854,1143.070558,223.1948449,617.8746294,361.2504043,402.5599517,192.337217
hsa-miR-424-5p,2100.625539,331.4712999,2391.0561,418.5067109,2413.995937,12530.35802,572.3520444,293.5925791,1807.147451,453.2099488,362.4586848,1109.048784,3723.387757,2444.900123,576.7488547,383.2893393,821.4213509,577.5990421,706.2751925,522.4906444,1391.954442,2877.14761,785.8867197
hsa-miR-429,252.1768243,138.6195627,27.5108231,4388.12916,22.81553959,29.89089108,105.6619516,13.18263431,41.72071038,779.3235532,1533.565381,1007.789719,2371.230112,443.9266473,61.29603635,973.1095229,19.24544971,1832.982378,402.1367465,2979.637378,134.3034414,1632.487199,60.65038206
hsa-miR-4429,0.583526229,0.835926129,0.394789943,0.336804773,2.384888173,2.812866522,0.545225859,1.618331665,0.677332194,1.275630987,5.758434677,2.488039776,7.551076439,1.102385569,0.859705396,3.731873617,0.367703099,8.298465392,0.511151755,2.695893003,3.571777238,1.124051037,0.849119209
hsa-miR-450b-5p,13.72638171,3.035782953,17.75046913,3.709430802,18.02083766,77.42554875,4.103985835,1.932771171,20.31203051,5.663020412,4.746390669,5.431253126,20.40919387,19.02169523,6.113726204,3.895817077,8.531116129,4.246813008,16.31468278,4.235026862,9.420113856,16.40350152,5.81657412
hsa-miR-500a-3p,59.6216739,126.8644147,90.56604802,61.6615561,89.88344193,165.7481673,97.69487119,70.98950802,143.0815033,56.70440026,67.9503227,93.11396036,296.6542133,63.89912777,68.30246218,106.9629471,69.66367447,75.17594806,45.36588266,60.19413276,187.0603992,173.5217316,258.2182664
hsa-miR-508-3p,1.894856451,1.33192187,5.482393972,0.875399689,0.78299362,10374.58424,2.150147242,5.873003968,0.490778781,0.589003024,41.1187617,0.967803745,204.8345313,3.517854326,9.421090806,4.273588976,3.790508849,6.575760331,28.32270294,34.64858641,8.7557652,112.6107454,0.72163417
hsa-miR-509-3p,2.85687286,2.56148863,5.534449325,0.868184685,2.028830695,9458.603025,2.78717971,6.522475661,0.607834477,1.359807476,58.52019471,1.007169035,332.4299514,3.821139421,10.08426958,10.29562496,4.442313879,7.914781709,41.43244844,20.89357357,10.60648251,100.2256786,1.020986303
hsa-miR-514a-3p,3.642468805,3.660079681,8.357223093,1.925951786,2.664696284,26038.44579,4.34502221,12.2760645,1.183515194,2.660059122,103.5271511,1.262676231,591.6966071,7.475470284,14.81405682,5.913173156,6.640365623,16.71930028,46.47954821,79.2481817,14.21179592,565.9348226,1.520015828
hsa-miR-542-3p,53.84249829,7.945589035,75.6281096,8.429820888,92.49042997,242.5156551,10.63756471,6.083831687,52.70828516,17.65301728,10.20754729,22.40339526,86.72693176,46.9738529,22.38188965,13.48351891,32.89637536,16.11850126,60.91786079,9.759047723,31.87331173,62.16945968,15.73057017
hsa-miR-5588-5p,0.041311786,0.040706184,0.029085751,0.036317716,0.045337736,0,0.052259968,0.087503876,0.027780838,0.090267891,0.01008736,0.059038433,0.530257669,0.753142679,0.024951626,0.057882074,0.087289282,0.078611562,0.011741479,0.074743767,0.007146026,0.088487315,0.25318095
hsa-miR-660-5p,327.0384342,348.8132173,720.0618431,409.1125825,542.6305935,1384.148745,396.9175981,420.3030863,404.5761561,438.8284049,783.532185,499.5056171,1860.576549,384.0538084,516.4781855,587.3489498,378.7174422,416.3544704,269.5436068,380.3843227,555.3400043,621.629149,625.17301
hsa-miR-122-5p,18.9964844,274.4546232,118.2975087,21.22479786,805.1164359,218.4381321,301.6687083,1753.200799,97.83425003,2736.222056,246.5984163,2723.460388,1162.436711,327749.6714,274.331438,1069.200565,1103.819737,354.1607215,153.8339578,1813.73443,1339.526,1567.986913,46476.30913
hsa-miR-148a-3p,640.4322667,893.8349551,334.3484866,16318.24699,1150.746509,357.915439,478.1648167,462.1688549,1485.198245,617.4470662,1110.684971,7057.358736,883.0255595,5286.380409,380.6073814,1446.451156,664.3275583,2075.103934,325.9440758,20554.21795,1149.785977,959.6681209,1258.151185
hsa-miR-148a-5p,0.43494508,0.589381565,0.279843832,10.20734637,0.352747554,0.219657596,0.367586568,0.220108088,1.098875202,0.394959359,0.794882619,2.296623189,0.507036705,2.700048044,0.333882887,0.7301046,0.406833707,1.157808818,0.269827096,9.998550512,0.706678578,0.426112438,0.863929206
hsa-miR-3614-5p,0.158619962,0.645825301,0.25621523,0.110838929,1.307841616,1.100201994,1.044897406,0.331733625,0.451182254,0.318551678,1.107815086,0.489723062,0.256620532,1.377525971,0.265587102,1.631065061,0.87625452,0.488226198,0.079832079,0.086563665,0.741475152,0.224521496,0.700160813
hsa-miR-455-5p,24.75322852,24.54288676,26.03719577,24.55998213,24.56925246,20.6744252,22.98112523,38.74731832,10.89416823,23.6068719,62.93855238,27.32424095,56.47956785,115.7378476,34.27261441,34.42780099,32.99251495,33.90598196,28.37228647,55.31280213,20.88702455,55.85931493,30.29942866
hsa-miR-483-3p,2.678615258,6.147779952,8.890879,0.866104711,0.703061991,4.763315091,5.089777137,1.43922379,3.820941436,3.105317104,0.947369294,1.9661427,2.029103374,46.61950334,4.47386997,3.253127517,9.874495479,3.047863733,2.57841789,1.808141595,9.165292401,2.26647726,13.38026677
hsa-miR-483-5p,45.29304362,109.1162292,66.30746,9.66280655,20.68110567,98.29200227,73.493844,49.66985079,63.62676798,43.79888911,18.47474627,25.92157213,55.01702099,495.5087619,67.85956823,58.34442883,106.5747074,60.08945023,74.05438705,23.34807548,75.06681684,47.74569263,118.8795037
hsa-miR-556-3p,0.498618575,1.622445247,0.329957552,6.188800901,0.819652116,0.286483832,0.79451943,0.43659854,2.274120085,0.576552675,0.741366092,1.810854491,1.52773524,9.628699466,1.464563579,0.672986169,1.426801058,2.057769533,1.455866762,1.59740455,0.918731426,0.974721224,3.046304396
hsa-miR-556-5p,0.359766809,0.774491332,0.190885951,6.532818178,0.445761585,0.253802986,0.470938268,0.29249737,1.530138741,0.484223692,0.637316523,1.296265874,0.777091583,9.266706841,1.567459685,0.646323776,0.913035606,1.202866541,1.220932628,0.971099934,0.637317783,0.597058221,1.214178878
hsa-miR-7110-3p,0.015442297,0.009988785,0,0.056393739,0.026696576,0.035597986,0.102106333,0.009093396,0.056248688,0.017778611,0.03795155,0.055494763,0.038546791,0.309745669,0.060088688,0.065774551,0.053855583,0.044969069,0.047521823,0,0.150106113,0.05434044,0.118803728
hsa-miR-885-3p,0.214012835,0.150849061,5.756293043,60.41758447,7.203553718,0.644031643,0.355384992,0.604609605,1.97798259,1.845717808,1.777999618,1.680544943,0.932873563,91.88008858,2.37267385,1.087868339,0.58823578,0.541576294,30.74391204,1.675565386,1.065825284,0.913245281,5.676642432
hsa-miR-885-5p,1.095837512,1.405061666,39.24876617,115.7289383,16.50480029,1.282131381,2.052225029,5.486916001,11.85340206,7.62200377,4.940954548,13.38445834,3.178244009,251.4288444,7.205021691,3.434510096,2.466555397,2.34832763,62.38193538,5.679040169,8.573195244,6.921665376,68.56615468
hsa-miR-338-3p,459.2016522,297.323262,130.4856962,344.7107054,568.6714511,157.0023655,179.7666274,128.259672,242.209245,444.8322269,425.343441,855.2037842,106.647929,142.0884317,8150.14813,589.0082328,224.0343517,558.2928465,6306.703559,1063.3094,212.6468385,275.8641134,169.1450268
hsa-miR-338-5p,43.9384762,25.16412958,9.409741018,41.35263419,98.17907007,24.17842358,18.02904993,15.36056171,21.71222745,56.47871533,50.49070772,120.2480956,13.36850178,16.56113663,1125.307812,85.13610452,18.20556304,69.58750034,764.329985,94.0613549,28.51956332,22.98865856,17.70459201
hsa-miR-141-3p,543.8915623,6270.248909,94.13542751,27020.05902,204.490342,128.1323972,1661.341168,65.14397263,455.9482421,3124.909787,9016.359517,5464.665025,1583.722233,244.7364767,138.2022146,4548.709261,87.20726645,3904.028391,990.3315368,26020.55896,588.6861491,7000.109736,99.63040062
hsa-miR-183-5p,21.05342765,125.6837255,25.54238592,280.2045439,44.6905985,19.12922867,64.82851848,55.02938943,100.3131998,115.1879129,164.2789728,80.80084472,122.630635,44.00238361,51.35437808,138.232225,30.62973588,46.59303388,141.4035032,403.0047775,56.08396849,108.2201689,149.0183991
hsa-miR-200c-3p,904.6077047,2966.728514,110.1281412,36235.46715,160.6031581,179.1405708,2324.761608,69.64074748,369.4998914,6124.47526,16372.51664,1997.292641,1864.087765,229.4687482,158.6467356,5755.875049,123.7143423,4375.9548,1000.538164,32903.22098,261.7478454,5729.915775,82.74332963
hsa-miR-27a-5p,0.603449141,2.692279146,3.597577854,1.729624791,1.867484254,0.721332498,4.767432206,1.389142386,1.12361168,1.956247616,17.76055104,1.163105188,0.788555388,0.680759687,1.334938258,6.135992184,1.755788557,1.23205533,0.233266934,1.050747659,1.366768048,0.503847217,1.21368108
hsa-miR-34c-5p,10.1088461,70.68695296,17.71473865,25.32757216,18.91821477,727.3640829,25.9319665,9.281831504,12.25492622,152.5296106,28.67034424,28.67294979,14.49993285,39.77176063,58.22880489,800.3753251,26.89148263,21.15454631,281.7710502,40.65271846,47.09420495,29.58270615,7.411905382
hsa-miR-511-5p,2.877170238,2.433888796,2.856122205,2.201101808,3.289786419,3.342088632,7.50938411,3.821382143,3.561786319,2.743652245,13.914194,4.159860561,1.863603425,7.351240651,3.82803709,15.08856887,3.889884558,3.06628282,0.831531329,1.512424622,8.971955101,3.040836496,6.511017875
hsa-miR-199b-5p,703.8533311,656.7695106,545.1581712,467.6231593,21.1982063,94.64295182,659.7173347,193.1083456,341.3174494,688.0476904,1536.639914,315.6279681,48.21484932,80.50099779,448.5149982,412.74594,525.6566093,420.9718456,16.44614847,209.4614624,694.882425,298.0357692,457.0780072
hsa-miR-1246,5.117245086,91.59582467,43.77968039,1.664267133,250.2446631,19.11305521,111.1069347,21.2626761,369.0513108,15.62954139,220.1733316,72.92559893,96.98581669,70.93509398,20.77439855,168.7430161,17.60530283,1521.071574,8.607146499,77.30016095,181.7685117,62.17034607,39.93401617
hsa-miR-1908-3p,0.113508168,0.168571283,0.069886425,0.022024573,0.289103128,0.110460417,0.33855403,0.065415187,0.182420761,0.097575377,0.067068261,0.172377618,0.373275411,2.567025205,0.106206838,0.182388242,0.080324756,1.564104414,0.091656141,2.29444359,0.150291875,0.439361614,0.079789699
hsa-miR-3934-5p,0.059873486,1.383907018,0.192586579,0.207056597,2.062105924,0.848246765,0.607712709,0.167479462,0.572800564,0.545612596,0.608578188,0.525736456,1.02195244,0.664595785,0.340261837,0.902653162,0.601849143,1.941150749,0.257562172,0.557199926,0.541454448,0.698162055,0.182002114
hsa-miR-4466,0.143712157,1.192618011,0.30257243,0.077248594,0.334015695,0.151516089,0.416467173,0.11371028,0.608556044,0.401474639,0.041275695,0.194231326,0.777673983,1.25279983,0.070944934,0.375063618,0.142403568,1.624179378,0.093211396,0.909516601,0.371309667,0.258937347,0.117061766
hsa-miR-1197,0.181516163,0,0.133515075,0.118570359,0.307353956,0.210846065,0.168852445,0.053702411,0.024216009,0.193108462,0.217939881,0.420441352,0.291277891,0.224502078,1.576465993,0.050938118,0.076311784,0.245323088,4.06554096,0.152140273,0.074290661,0.081683682,0.092050792
hsa-miR-1229-3p,0.162273857,0.087909957,0.040900052,0.222519459,0.213302881,0.196707557,0.379415945,0.359446434,0.287300737,0.261102264,0.102417894,0.269682578,0.212840085,0.257517879,0.217806258,0.251999742,0.219233757,0.165154205,1.167136166,0.115356379,0.326821044,0.229279472,0.223382294
hsa-miR-1249-3p,34.45506016,24.51040833,35.43915572,17.84346274,12.42132036,25.70311922,16.65490973,11.95811605,16.55235681,15.40519635,44.82342763,9.892845358,7.435204677,17.81803163,46.8476564,11.17615868,8.128151569,9.68671056,124.0937853,10.96084635,15.0143163,9.546710028,12.82119094
hsa-miR-1250-5p,0.218493449,0.492017518,0.180772279,0.078418313,1.412589502,0.592056554,0.405498361,0.322172363,0.548862223,0.543059233,0.337173674,0.981188739,0.401936364,0.200351816,3.957914759,0.50515174,0.875041746,0.381006493,10.18762057,2.355937164,0.410675338,0.492022556,0.293376603
hsa-miR-127-3p,284.0870705,202.7970773,768.7702793,717.5395457,660.7231538,1199.280722,260.9288521,500.7509508,208.6637375,325.4398673,386.3740199,639.7295849,395.0666719,297.8126432,665.1436547,371.7117796,427.5939351,408.860918,2664.493862,682.0374072,393.6985315,257.6532058,257.8105129
hsa-miR-127-5p,4.915926434,2.686846712,8.169338959,7.107216885,7.625952642,16.13560127,3.858550566,5.880233939,2.005220447,4.051908578,6.077050174,7.43357695,5.437726853,3.764496468,6.706779371,3.338813494,5.053062065,5.165281883,34.41249241,6.870144008,5.648970901,3.084438215,3.097828015
hsa-miR-128-1-5p,0.363420703,0.21851521,0.656661076,0.176912649,0.229967166,1.628261574,0.402198647,0.523214017,0.263579055,0.171491795,0.56964789,0.410301696,0.295457568,0.348554624,0.680643848,0.317786879,0.476331202,0.329828211,8.373792453,0.69994102,0.340797537,0.408004742,0.269954129
hsa-miR-128-3p,43.46106823,43.86721868,365.1145051,32.40673667,155.6649182,65.44484678,40.03742858,94.46597394,90.9030929,73.47099709,36.98629305,99.9426391,47.34284745,46.02387035,58.55107852,27.89849273,38.61489425,48.79272415,1206.780261,35.89084494,83.71661845,54.35544868,37.46811365
hsa-miR-129-5p,2.839861251,2.140843696,2.943195583,1.331034285,35.31895638,393.0433245,4.227964144,5.587964203,2.219207295,9.213634393,8.516089561,29.30769096,11.61676133,5.440473328,52.9054149,2.89047651,3.699896468,15.54746561,543.3885436,42.04727706,4.565175893,6.456466119,3.131072361
hsa-miR-1296-5p,5.002439097,1.984714022,7.293044007,5.471273632,4.924511556,2.343556191,1.93312564,2.810015746,2.609391648,3.389456342,2.010544756,3.991224362,2.343822071,1.973557247,4.332959927,1.22631209,3.053231932,3.249021962,18.89386224,1.843084335,2.702491855,2.354313313,2.77417148
hsa-miR-132-5p,2.897067345,2.488867014,2.269500387,3.514236794,1.940947242,4.733323531,3.315334233,1.689533173,1.555013862,3.245394483,3.042408312,3.789221919,3.942363954,1.603673286,3.691317645,2.556568611,2.554418897,4.255706194,27.34183794,2.555767513,2.248153328,1.866268864,1.129670471
hsa-miR-134-5p,15.7440898,13.48468971,21.42046265,33.42786937,47.19566759,143.3729711,25.2262827,34.83157125,12.35936117,16.81382712,36.88689814,26.2687754,28.6220468,20.50678919,31.31833805,23.47243936,27.41571675,18.51527556,154.9909836,58.8534092,34.68591461,14.30360951,32.2117953
hsa-miR-136-5p,539.4699027,297.1408744,1062.55098,2428.147352,1519.263906,1790.653034,298.8249122,607.7653223,307.5315117,506.924543,745.98477,678.4587208,456.0490906,527.1286118,759.4668813,419.321181,418.0122748,506.1255113,2863.414614,1118.190406,421.8293701,280.26997,274.9597109
hsa-miR-149-5p,174.0495722,91.5044977,132.6167719,343.4361256,191.5976988,888.2617522,175.809408,386.5916546,59.34907959,793.744827,2780.484541,403.4132193,191.7296669,108.5854106,1158.800487,243.4088694,333.7066892,297.3319508,2637.879299,228.2814726,178.3141758,133.9682149,159.0959991
hsa-miR-181a-3p,8.419062236,19.85214245,9.665392299,12.52534941,46.29944467,30.65955561,30.04067929,12.15423307,35.32134917,13.27106289,32.11734163,13.73031454,31.85122299,16.90583008,71.53475492,45.39652905,21.51310156,14.82929055,144.8118585,13.26142934,20.53244749,28.61766333,10.31306125
hsa-miR-181a-5p,2842.349243,6225.311585,3682.990041,5340.877296,11613.56055,6801.355272,6668.494782,6802.46506,7685.673456,4433.492371,10419.21173,3805.89097,9109.249993,3441.320936,15844.2959,18076.07038,7100.655511,4802.961238,34953.2222,5960.223501,5317.972669,8569.096658,3936.376538
hsa-miR-181b-5p,421.3365083,2818.32923,556.2391964,962.1064853,2668.621405,1907.910028,1494.978276,1331.233002,1685.13252,834.9149892,1588.593466,771.5931166,1836.100951,690.2598924,3946.242672,3040.346598,1529.987861,822.6843703,8871.31429,1264.557101,1066.656331,1613.992033,764.5143942
hsa-miR-181c-3p,6.556650736,3.960487624,2.918580086,7.953194571,5.324224517,4.272871579,4.147571416,8.170848901,10.86157797,6.1398537,3.897245715,9.102798247,6.221139527,2.208060097,10.17418777,6.287379278,8.698115879,7.618536898,32.01507624,7.113737757,3.486664214,11.8058209,5.329497642
hsa-miR-181d-5p,100.2814899,33.19805633,32.5349033,119.4758865,36.30765308,50.18332975,55.45892652,149.6397591,49.60995269,64.12430907,56.49727083,77.97965565,39.95616041,22.88372809,96.95907072,103.8312036,138.0175782,42.9107464,344.375563,83.68024445,38.38464671,84.137017,55.86239001
hsa-miR-184,4.490853074,5.471465469,5.29180855,2.497175339,2.762289011,22.87336904,4.869106468,4.066982384,19.05121596,2.599862453,6.001583187,2.107046048,12.12762089,0.661055672,17.22988453,60.35132113,9.477667375,11.57309309,44.0804406,11.51215673,3.38544967,7.252552225,7.69817117
hsa-miR-1908-5p,1.380563562,2.904898141,0.884889314,1.503927236,2.007861174,13.50563961,6.705318754,2.201001922,3.165393979,1.68299528,1.354839599,1.869980507,1.692215177,4.299129396,7.398032539,4.471550793,2.499402797,1.25806953,14.30455499,0.911357531,2.329644982,1.012062193,1.384793712
hsa-miR-323a-3p,12.43416395,5.916959411,17.27618507,20.21491729,64.75735229,58.98239981,20.02640805,10.89269129,6.213138673,25.14275288,44.61103797,50.16583439,42.84983798,16.83605327,150.0143581,10.68716117,12.53494756,31.92138925,835.7002899,67.96874766,17.65533234,20.90690629,8.71164636
hsa-miR-323a-5p,0.087638679,0.083667717,0.430431601,0.363442508,2.161584074,1.634755643,0.626685779,0.352241702,0.228542618,0.6866116,1.130799641,0.949116888,0.656107813,0.379904676,2.260790949,0.365056781,0.26635472,0.887731828,32.1585884,1.750521593,0.562636497,0.350126925,0.203406611
hsa-miR-323b-3p,2.335048766,0.687546545,1.791947605,2.689821639,3.751130401,18.08438727,2.341132482,3.11955635,1.600648461,4.050783375,7.096622237,6.02233592,7.370421007,2.809952644,16.87884734,2.693211343,1.788830093,3.574523941,104.2610835,22.397574,2.461027111,2.999506987,1.605381593
hsa-miR-329-3p,6.93262493,2.740798768,6.184657545,12.68553836,12.98173001,11.73182905,4.03287373,6.773995685,2.055534423,5.822682518,5.844027026,12.84279823,4.624308152,6.886135616,16.14581481,3.850188612,4.451004784,7.994853646,120.887306,7.332567746,4.126471973,3.952421416,3.177889399
hsa-miR-329-5p,0.041311786,0.077921172,0.081700726,0.199716054,0.333808155,0.521713132,0.052012483,0.034234881,0.038611084,0.123564728,0.145966959,0.231376382,0.080312753,0.031043672,0.253775953,0.073939279,0.072257464,0.188997237,2.134962018,0.217995773,0.090814557,0.006689251,0.072899225
hsa-miR-330-3p,20.03060004,21.25190907,4.818478135,14.58189097,24.33445732,7.074155684,16.87736436,14.13266614,14.35683775,12.1879521,7.589104409,20.54917406,12.35632995,8.472201853,84.40395489,11.74651633,12.38643666,13.23968796,217.3947057,13.99783232,14.74631625,17.15211011,13.11513352
hsa-miR-330-5p,12.01137987,19.82347765,6.343311094,11.91886071,33.70945362,9.738306837,23.39410646,15.59262749,18.49910808,14.11101277,13.24425929,19.39774558,12.6495182,11.876447,98.78455168,20.46557817,15.31734586,15.53812673,253.3227977,23.0501506,19.88589672,15.57717418,13.28426546
hsa-miR-340-3p,36.41268137,19.41794232,50.88389802,77.22233101,18.3661659,19.8220768,51.80915823,18.82179354,31.92589736,31.92202335,39.91604384,37.60486434,11.05535168,60.46375793,141.6538779,46.12144572,45.6139484,27.17523731,154.7258152,26.06591309,48.04826325,13.49964069,24.1502335
hsa-miR-369-3p,64.1659002,36.99184208,165.6527747,146.0685593,178.2174878,163.7266138,48.19560474,66.79307848,55.49166572,58.32100584,94.85559029,90.28692597,152.5250734,94.79990247,118.7909229,47.18821044,59.60240299,79.26675965,439.4876221,162.4932661,83.87826556,65.27321029,61.84694027
hsa-miR-369-5p,73.5723874,37.37548491,137.1785439,190.5117439,147.1418508,399.9270135,97.20343861,120.2877108,48.94588252,93.32869723,229.4759942,118.471484,61.15771617,67.65775152,183.2425768,114.9664981,104.1311892,77.30547569,547.1052843,164.6249042,79.14207352,58.64521747,60.40539299
hsa-miR-370-3p,6.579741479,4.337932611,5.370505528,13.68487456,16.20117656,19.52640699,4.542799765,5.052636844,2.865655053,5.328089269,6.63391674,8.012519018,3.442584129,6.267427081,8.036632104,5.943216219,6.422466553,6.269362875,70.3165706,11.11137415,5.336588377,3.558689094,4.041411088
hsa-miR-370-5p,0.211720152,0.059932712,0.326802902,0.524501409,0.290080451,1.563165428,0.266820827,0.205500429,0.038787076,0.105079596,0.348439148,0.264330127,0.170732947,0.117906349,0.507509042,0.123580115,0.205700232,0.220308223,2.581117872,0.426883784,0.300961401,0.185259926,0.162562295
hsa-miR-377-5p,0.551038159,0.34712913,1.921032279,2.005094545,1.182734018,2.15605873,0.387954997,0.522247098,0.419427406,0.441542292,0.745218064,0.824344792,0.578299452,0.639657748,0.828080076,0.474877282,0.488119955,0.656405416,4.300622437,0.98053535,0.469457722,0.221233752,0.264342331
hsa-miR-379-3p,2.506785583,1.579279715,6.43652687,4.594707166,3.874946722,6.71000712,2.161995963,2.381922555,1.242960929,2.535630387,2.782277488,3.892732064,1.412267729,3.647448922,4.756065726,1.67483846,2.089929082,2.560665151,15.20032479,4.282015302,2.456405256,1.946464933,1.325931979
hsa-miR-379-5p,118.8730389,86.8183676,267.552266,283.8955914,239.9250945,708.3192506,129.9529451,119.112139,101.9415126,133.8484233,348.3144396,211.5719656,64.06278065,106.4841551,198.3503908,131.731957,136.4686151,115.800871,1128.264823,265.7379268,152.2762326,62.95212551,101.7967994
hsa-miR-380-5p,0.048765689,0.009988785,0.081800103,0.06412517,0.347002184,0.182607014,0.104884628,0.101148403,0.00931914,0.096239878,0.066290282,0.229533902,0.08435556,0.112266946,0.189738093,0.067199417,0.081151043,0.077044819,2.490573543,0.256688086,0.064964472,0.08395156,0.03428917
hsa-miR-382-3p,10.89765995,5.830462863,9.930380321,11.50457936,35.82453496,33.85502312,7.373283412,10.31752327,3.315048939,8.382555018,12.08513643,16.27593065,10.42451198,6.661268999,15.96120428,6.718391997,8.93112426,11.69901674,55.22473339,21.85815955,9.766639625,7.279103798,5.79297878
hsa-miR-382-5p,17.23796381,10.35634316,32.31600636,36.75262834,53.70964538,99.34122647,16.04101244,34.36617533,10.73641361,17.93382278,35.89147538,27.91047017,25.85632381,16.72788733,38.65755689,22.80320477,21.44889873,19.39087341,133.2537834,62.97192313,22.48553454,10.46848776,14.98094326
hsa-miR-409-5p,0.922204992,0.524189333,2.01921871,1.626577121,4.223741453,2.433061221,1.125621356,1.163943602,0.501979473,1.206191232,2.107672131,2.255404675,1.437276095,1.742093093,2.217986468,0.741435399,1.413090715,1.729588727,10.60711824,2.091797902,1.546687892,1.203524709,0.809104835
hsa-miR-410-3p,6.507625692,2.994585302,11.16457822,12.87014571,18.68481475,19.10006243,5.142684363,7.054252489,3.199932157,7.159619687,10.54522969,17.80377878,10.96815029,6.270226465,42.60598789,5.169289023,5.05848091,11.4963153,149.2631398,17.05878263,9.263975988,5.501783397,6.089967819
hsa-miR-411-3p,3.556328963,2.167905797,15.08231313,8.052598721,5.195297602,10.38502474,3.681256206,4.073421023,2.373430882,4.033069448,4.438666105,5.815539803,2.033913831,4.919871868,7.918149145,2.849578899,3.207713596,3.68564349,28.56452064,7.196346724,4.856242944,2.706976887,2.46136731
hsa-miR-411-5p,151.0352471,115.5524301,495.9891586,534.9020878,280.3067489,479.6412907,143.3201712,118.9143616,147.5897582,160.9780107,227.2700919,242.0432083,72.47535166,133.085328,250.0931875,110.6716967,138.5272173,159.7534108,962.1683328,312.7677647,148.476377,71.33943594,79.85472935
hsa-miR-412-5p,1.298620594,1.359792675,2.837963238,3.691480502,7.566127243,7.199348653,2.625890853,1.828037864,0.673598511,3.336434054,9.005231251,3.024637353,3.646410612,2.162558417,15.20269725,3.297739096,2.175730688,3.493229402,25.14188957,3.40539934,2.096085381,1.791661128,1.601869966
hsa-miR-431-3p,0.216597745,0.126363013,1.478545373,0.714212307,1.128358424,1.2974527,0.270293187,0.387641511,0.220965576,0.337768319,0.79972091,0.785763574,0.664019223,0.414601545,1.545382882,0.31750011,0.235881825,0.471898968,12.60452967,1.071322526,0.446219707,0.308424156,0.342756303
hsa-miR-432-5p,17.5629428,20.08130374,46.23360316,77.91737778,94.19996609,209.6901834,26.24771771,42.56171997,15.81157319,38.46703094,67.19184809,57.88011984,47.47788913,31.45386438,74.83647444,51.29308554,34.11646604,37.55257767,429.8900787,90.61958921,44.54416263,16.40999179,30.66969364
hsa-miR-433-3p,1.550851618,0.80413934,2.101018813,6.062453994,5.755080692,6.905724115,1.510530534,2.079434811,0.793013286,2.53451943,2.022490864,5.083240849,2.694579183,1.790546146,9.137673232,1.585918549,1.55110555,2.720414353,56.8091581,3.677088782,1.818710411,1.385741372,1.537655374
hsa-miR-4446-3p,0.233789632,1.056701128,0.076342954,0.735458049,1.456512003,0.111105045,0.253482167,0.038352596,0.521887731,0.215966549,0.140258202,0.26146884,0.244640013,0.140266394,0.682129065,0.466630178,0.176656817,0.281692576,3.459653662,0.51961149,0.435540647,0.209835423,0.217081171
hsa-miR-485-3p,0.552933862,0.64157418,0.822961293,2.113656807,2.082133807,1.430242426,0.715812278,0.688283734,0.29131321,0.867028344,0.771273948,1.28571086,1.722983942,1.134802768,2.38659422,0.925946198,0.750582526,0.714725188,17.65714999,2.48501668,1.025872718,0.45834402,0.58462594
hsa-miR-485-5p,3.842349057,5.696435107,4.923735452,14.2708655,11.48367443,21.28316851,4.914822488,4.421233438,2.026688836,5.107192676,8.451143835,7.609189019,5.980283958,5.299539832,10.89782278,4.087812603,4.047546332,7.684362529,85.35889203,16.91342973,4.576693667,2.63879312,3.760182531
hsa-miR-487a-3p,12.99860472,5.76933087,9.993050561,17.35504699,26.57678012,32.2452457,10.36184724,8.276210131,3.295699215,10.99502318,17.83911972,17.55190365,9.690575939,12.66499807,72.54532962,10.7340482,9.791538685,11.89958114,230.646502,21.62521557,9.560539212,10.07408535,9.780733622
hsa-miR-487a-5p,2.136142994,1.605042619,5.868434163,8.262040946,10.57160339,19.06702203,4.414648631,4.298444554,1.328116899,4.941331145,9.623696183,6.26575422,2.970598657,2.850118069,9.974215169,5.133738147,3.482911367,3.946762857,49.71464813,8.594300552,4.192606144,1.711905523,3.281727655
hsa-miR-487b-3p,65.66880907,35.81915682,135.7800675,153.5807257,179.4110926,236.3201555,65.92139166,89.08043057,30.37584261,83.76616727,126.9375364,116.9228239,67.09535931,66.2564663,205.4211189,63.3299274,74.70366482,81.96216602,1101.297074,229.7379227,77.85072574,46.91307407,41.89282637
hsa-miR-487b-5p,0.11229307,0.060683755,0.392529692,0.404373387,0.66584688,0.929848235,0.185255729,0.232340453,0.092656238,0.346409903,0.721602777,0.487684738,0.379076538,0.192796923,0.96437535,0.386791942,0.210162375,0.207400487,7.412232813,1.179664089,0.254799076,0.137061343,0.121085064
hsa-miR-491-5p,13.35471102,8.606625868,41.64066721,29.57875076,8.301365514,16.53357368,11.38035461,8.380341328,13.84713556,13.01611454,12.6453209,17.19776881,6.100548393,6.402682869,15.50742292,12.41694986,35.98106895,9.927177968,96.3945129,19.46596462,19.63748975,16.89614423,11.58717794
hsa-miR-495-3p,35.59615381,20.79181205,55.67708533,130.4687608,103.9962787,78.54504782,16.38045466,38.26275106,16.5495166,29.19346357,26.56071231,59.86713922,47.40014944,39.5352503,51.32635609,23.64244999,26.62031775,41.53324558,283.6630302,38.47021156,32.90604277,23.856627,22.56090029
hsa-miR-496,0.893759194,0.76294169,2.037992033,2.881344221,3.547950603,4.060929021,1.740969608,0.712358521,0.874760105,2.00481794,3.574131839,3.102996468,2.65933662,2.011236395,5.792504747,1.814537809,0.928837619,1.943021085,20.29216439,3.000378867,1.572411218,1.299257957,0.998166838
hsa-miR-539-3p,4.960892115,2.468063045,7.684838362,13.89732065,10.206963,14.42550796,2.80647839,4.561322387,2.117679797,3.969908443,5.794779372,8.430051862,7.284183511,6.109368622,13.28438001,2.860692207,3.864728205,5.202719444,79.15784325,13.9434968,4.447048838,3.496059039,3.891594378
hsa-miR-539-5p,0.878308295,0.84311599,2.950336084,3.999028486,2.223635402,3.692855218,0.536900094,0.978819258,0.565884325,0.920034615,1.368841404,2.152607565,0.863334816,0.765050479,2.511978761,0.81466745,0.760936883,0.997414775,17.4571573,3.109740877,1.210027544,0.512684461,0.34107075
hsa-miR-541-3p,0.022215594,0.009988785,0.12995731,0.06217662,0.18873486,0.042006296,0.018318711,0,0.021750901,0,0.048305225,0.013582717,0.04868896,0.014256927,0.120486646,0.021172858,0.03926424,0.038029187,0.851738564,0.086809595,0.052253173,0,0.024713387
hsa-miR-543,3.007066198,2.113726292,6.135690435,15.25949099,11.8962661,6.997084079,2.598441948,2.97336047,1.784414179,2.973738499,2.931538941,6.167865211,4.139736809,4.919190914,7.006230208,2.650642175,2.948790067,4.031897533,36.35184806,5.497345609,3.431577409,2.820559852,2.390537253
hsa-miR-5584-5p,0.030884595,0,0.040900052,0.014293143,0.287106623,0.018274305,0.037949698,0.039417515,0.254920303,0.101938448,0.034390899,0.149819724,0.027099154,0.014805744,1.958947419,0.0992625,0.119916589,0.006831388,3.150898024,0.031724346,0.136377473,0.079905631,0
hsa-miR-584-5p,3.808604527,11.3410466,5.886201223,5.638075738,15.92656814,32.0542114,11.42483818,6.118956877,24.65919019,10.71263709,4.427159123,9.52788225,4.814206684,6.595549475,77.99043301,9.766832929,23.87259207,5.222744356,90.15238715,6.973933899,13.10733309,10.83236906,14.77586085
hsa-miR-598-3p,21.06408121,12.36792278,6.492941731,17.2045036,59.80740502,30.66794665,11.60925372,16.7143773,8.729214262,19.49242561,7.834524211,38.14052136,30.88379231,9.210479838,27.79096433,25.46595855,14.81923868,19.46372697,135.959703,27.04097566,15.83749952,26.49148805,8.559310672
hsa-miR-628-5p,34.82403494,26.18916645,112.8138748,41.71247296,19.91758712,33.26755096,40.34953695,21.9390959,45.61650771,33.17935866,33.40539735,41.9399544,15.11366343,20.96477913,46.16419474,24.36460171,65.62478772,23.22070752,178.0683681,34.25803958,54.72898126,29.3880169,33.96454356
hsa-miR-656-3p,7.554403754,4.797559951,9.549053783,20.66460361,18.69460515,22.68675139,6.293295083,7.724192564,2.773122442,6.866412706,15.06840112,14.03622175,12.19743408,8.488220221,13.11517827,5.163058657,6.071612253,10.0315337,89.20911983,14.96230306,6.173038344,5.88041248,5.373051737
hsa-miR-668-3p,0.177716154,0.150582823,0.664818235,0.920301764,1.250319451,1.655567281,0.445652778,0.613333437,0.217813458,0.364232911,1.059833718,0.842769546,0.681202556,0.502041667,2.98910811,0.415358455,0.530767786,0.470337799,19.95078469,2.223073823,0.553289862,0.551962613,0.144557515
hsa-miR-7-5p,198.1282385,289.1809203,190.7175227,358.0088761,982.1803798,870.5438347,381.1608072,468.1958719,489.5601004,366.7980696,2542.703019,2051.345013,558.4218518,1290.281086,4549.37175,401.7124674,388.9370304,1416.870728,50486.0862,9725.703151,973.1399357,1317.348831,411.1722646
hsa-miR-708-3p,3.389272017,4.005136711,5.983049823,3.554494227,2.249135861,3.347606895,10.05431118,9.870628914,6.198508984,7.924681626,15.73163648,3.269770359,3.362780131,1.001604007,14.71366192,4.085198178,3.405811186,4.398285793,22.81498406,3.01952523,5.53962877,18.26265467,2.159218261
hsa-miR-744-3p,5.963560087,4.184904736,4.532015663,6.072632748,3.250069065,5.932259006,6.397612302,5.689949984,3.999948627,7.926257724,10.53161162,6.325781071,4.10677047,9.382414465,8.788941488,5.288051632,6.014809638,5.483340708,27.93448148,5.47520154,5.185322908,5.81278664,4.158943427
hsa-miR-744-5p,177.875452,117.2765958,95.17224553,185.8432827,67.93922516,133.969077,168.7738392,132.2715073,110.1108576,238.8756197,225.1900719,107.9379896,67.81420096,145.9622119,201.9161752,170.9328662,123.7267908,100.6907971,534.980606,121.2411803,114.8378131,128.1143188,106.0544487
hsa-miR-758-3p,1.319775807,0.947958338,1.842004196,2.946105472,3.541095861,9.206080754,2.479380204,2.403767468,0.808176097,1.902731,3.870362663,2.607919711,1.793879662,3.583331144,3.790504767,1.570920145,1.847485204,1.588747707,24.98633553,5.293573413,2.179168295,2.03524117,1.751267174
hsa-miR-760,6.576652595,4.900318618,3.595416981,1.070436869,7.221964519,72.70485419,7.39981226,11.41378628,2.822369103,4.319154488,2.616505873,5.967992885,3.442859643,1.376243528,13.07247351,7.378462668,6.109038414,4.584413386,44.10442934,3.082831476,4.818943662,3.038007538,4.20817543
hsa-miR-769-5p,39.13959031,45.84408336,24.62234094,37.3177621,44.23891846,67.2612917,61.80446337,58.75606451,37.9272299,46.21453435,88.13055074,51.76009715,42.3814929,25.13438678,75.9294635,40.83739829,37.87929229,43.95545225,311.5337718,34.83229846,38.68493595,40.52402704,42.29275412
hsa-miR-873-3p,0.106200379,0.026475159,0,0.028586285,0.172712262,0.834314059,0.019630987,0.025141485,0.096988401,0.065693808,0.08373008,0.384670759,0.051225136,0.030577108,0.183305477,0.037153035,0.012968264,0.036535857,2.846260436,0.095697861,0.017820801,0.956433552,0.024713387
hsa-miR-873-5p,3.613909766,0.783412947,1.196973546,0.957195734,16.51874693,32.25165857,1.585143556,1.056284237,2.192407935,2.590311156,6.593846903,36.13432027,6.037141821,1.753546498,10.3931096,1.879614459,1.336779672,2.977938101,77.9534243,5.473265085,2.85352845,30.53302737,1.288996833
hsa-miR-874-3p,101.0341237,291.8130505,83.95738638,69.22391181,207.3162191,356.2582336,154.0102011,164.2654446,167.9608735,76.69551798,94.96480708,125.8728136,186.4053979,99.54427609,206.8093549,90.94873734,319.012865,85.25133882,1117.730764,97.46955837,125.7628188,382.7141971,136.1104758
hsa-miR-889-3p,2.525192567,1.749130075,4.449959675,7.277414376,14.31501626,26.4667385,4.31028359,3.924441464,1.471390152,5.160112592,11.76122251,9.243920551,5.778069776,5.239784085,16.76493951,4.448300908,3.914730181,5.569204758,65.36023824,14.91374205,5.046140092,3.465669618,4.044767835
hsa-miR-9-3p,38.78086957,372.4148129,27.7112934,69.14810157,964.3232561,103.2614349,80.25256709,84.04415418,151.527051,96.96651153,111.1502111,729.6920252,82.46532149,58.08233483,2531.673472,32.84940721,34.00155919,150.6969884,10853.90363,170.6435688,99.62312682,88.28450981,46.56900081
hsa-miR-9-5p,151.6451767,206.3794534,135.0035541,169.8546844,3159.372469,380.2829383,255.8146018,153.7927706,168.7318658,395.154649,384.0934742,1412.830622,329.1877975,263.9635167,4507.219326,101.7320163,159.9689027,478.076061,27650.83534,1189.789299,197.2135042,324.862985,139.9458162
hsa-miR-92b-3p,327.0151696,422.7065731,106.5054109,165.8732913,107.6937974,196.1056461,246.6374079,223.9325768,146.8766103,404.4866203,155.0219531,476.8430603,228.1794332,89.66598377,2377.73744,301.5413976,181.9429547,264.4341618,1406.92138,148.7206165,212.1685951,192.3891414,218.8525973
